Variable,NET_mean
dlog_SOLVPN,9.851568512424807
dlog_SILVER,6.935900771492199
d_VIX,5.14284481920488
dlog_GOLD,4.8823300346762695
dlog_DXY,0.386121892919696
dlog_COPPER,-2.3924341390372392
d_UST10Y,-4.752491118083501
dlog_GAS,-9.821028879710395
dlog_OIL,-10.232811893886716
