Variable,TO_mean,FROM_mean,NET_mean
dlog_SOLVPN,69.17356334100184,59.321994828577026,9.851568512424812
dlog_COPPER,54.65296235175504,57.04539649079228,-2.392434139037235
dlog_GOLD,68.14894414863076,63.26661411395449,4.882330034676272
dlog_SILVER,69.70640088041876,62.77050010892656,6.935900771492193
dlog_DXY,60.70141435147938,60.315292458559696,0.38612189291968235
dlog_OIL,40.468116655552095,50.7009285494388,-10.232811893886705
dlog_GAS,32.44255512519816,42.26358400490855,-9.82102887971039
d_UST10Y,50.83205498791692,55.58454610600042,-4.752491118083498
d_VIX,60.11171876924845,54.96887395004357,5.142844819204875
